{
    "10": [
        265.86145975674845,
        95.15270529788648,
        32.0,
        86.0
    ],
    "20": [
        260.2947122591016,
        76.72930471222978,
        32.0,
        86.0
    ],
    "30": [
        272.16431616870625,
        81.78013878117035,
        32.0,
        86.0
    ],
    "40": [
        282.02734863610135,
        82.39792780883434,
        32.0,
        86.0
    ],
    "50": [
        301.62830623915096,
        95.32242508409979,
        32.0,
        86.0
    ],
    "60": [
        307.88178658418167,
        104.21778894092265,
        32.0,
        86.0
    ],
    "70": [
        313.8542261910884,
        105.37239280821106,
        32.0,
        86.0
    ],
    "80": [
        328.1759744881721,
        103.06085494316639,
        32.0,
        86.0
    ],
    "90": [
        337.00273528850823,
        100.56320683363575,
        32.0,
        86.0
    ],
    "100": [
        316.64308570255133,
        86.59315158844012,
        32.0,
        86.0
    ],
    "110": [
        272.69844938656263,
        64.97480540828026,
        32.0,
        86.0
    ]
}