{
    "10": [
        298.8570234543787,
        92.4393120526444,
        32.0,
        86.0
    ],
    "20": [
        282.00993854217637,
        90.19386447694077,
        32.0,
        86.0
    ],
    "30": [
        276.4710762968172,
        81.43409327011159,
        32.0,
        86.0
    ],
    "40": [
        276.8873820149927,
        81.90166520021566,
        32.0,
        86.0
    ],
    "50": [
        291.17619740421486,
        90.94222662564837,
        32.0,
        86.0
    ],
    "60": [
        334.8164782780483,
        100.81592637514927,
        32.0,
        86.0
    ],
    "70": [
        322.0159898713397,
        104.78230740829832,
        32.0,
        86.0
    ],
    "80": [
        305.3532613179679,
        106.33024745621705,
        32.0,
        86.0
    ],
    "90": [
        316.7546015205151,
        109.6048961019128,
        32.0,
        86.0
    ],
    "100": [
        299.0060590388347,
        100.39351283990626,
        32.0,
        86.0
    ],
    "110": [
        289.6591621867611,
        95.1337158644925,
        32.0,
        86.0
    ]
}