{
    "10": [
        279.2593391075321,
        90.07130737498065,
        32.0,
        86.0
    ],
    "20": [
        262.7867541559935,
        94.91866842314909,
        32.0,
        86.0
    ],
    "30": [
        258.01744679592275,
        80.46309777590503,
        32.0,
        86.0
    ],
    "40": [
        241.64229927344866,
        94.37938280699603,
        32.0,
        86.0
    ],
    "50": [
        274.7262615916112,
        100.62421347507347,
        32.0,
        86.0
    ],
    "60": [
        310.9314584826198,
        103.55341445782744,
        32.0,
        86.0
    ],
    "70": [
        312.39597025903186,
        122.13209574125705,
        32.0,
        86.0
    ],
    "80": [
        320.62542232449175,
        122.21405088300693,
        32.0,
        86.0
    ],
    "90": [
        321.5381205892026,
        118.64928997190259,
        32.0,
        86.0
    ],
    "100": [
        299.98352571008047,
        104.88368457116397,
        32.0,
        86.0
    ],
    "110": [
        276.1403845574848,
        82.2267519103641,
        32.0,
        86.0
    ]
}