{
    "10": [
        266.1256623962522,
        87.56450717904596,
        32.0,
        86.0
    ],
    "20": [
        259.0579739043848,
        79.9483417635108,
        32.0,
        86.0
    ],
    "30": [
        272.9417146625822,
        78.81683911742138,
        32.0,
        86.0
    ],
    "40": [
        279.26496282266885,
        86.21783067716939,
        32.0,
        86.0
    ],
    "50": [
        301.4409655902699,
        88.67377652146928,
        32.0,
        86.0
    ],
    "60": [
        304.69269899912615,
        102.6933679850114,
        32.0,
        86.0
    ],
    "70": [
        311.8510677815943,
        107.14682462995901,
        32.0,
        86.0
    ],
    "80": [
        326.3071327216221,
        107.01693164066322,
        32.0,
        86.0
    ],
    "90": [
        328.30794732814894,
        95.0643489464565,
        32.0,
        86.0
    ],
    "100": [
        312.93012236328184,
        84.94099078150914,
        32.0,
        86.0
    ],
    "110": [
        275.76992963166447,
        62.218680497476754,
        32.0,
        86.0
    ]
}