{
    "10": [
        267.911784252172,
        95.78786181457622,
        32.0,
        86.0
    ],
    "20": [
        258.85595203608693,
        79.71011698102457,
        32.0,
        86.0
    ],
    "30": [
        271.0345354793507,
        86.84926802572713,
        32.0,
        86.0
    ],
    "40": [
        282.60384365578665,
        72.79277370587533,
        32.0,
        86.0
    ],
    "50": [
        299.7398841378363,
        84.07325545959037,
        32.0,
        86.0
    ],
    "60": [
        309.07495172080996,
        97.42281357604693,
        32.0,
        86.0
    ],
    "70": [
        313.0502687161274,
        89.01573553998159,
        32.0,
        86.0
    ],
    "80": [
        327.9131864003156,
        95.3345887554155,
        32.0,
        86.0
    ],
    "90": [
        327.11172954408215,
        97.71293704856095,
        32.0,
        86.0
    ],
    "100": [
        313.54736483297324,
        82.35544750590606,
        32.0,
        86.0
    ],
    "110": [
        275.85297917188046,
        64.5138546763821,
        32.0,
        86.0
    ]
}