{
    "10": [
        275.81914042201976,
        92.90774779165451,
        32.0,
        86.0
    ],
    "20": [
        263.8653045179627,
        93.09371666163796,
        32.0,
        86.0
    ],
    "30": [
        243.56622672961447,
        81.7829796276357,
        32.0,
        86.0
    ],
    "40": [
        238.3282027552769,
        81.60898832692482,
        32.0,
        86.0
    ],
    "50": [
        276.34619705198,
        88.916698480494,
        32.0,
        86.0
    ],
    "60": [
        326.1931380533287,
        100.30198968557613,
        32.0,
        86.0
    ],
    "70": [
        313.3895736955398,
        104.68365269533498,
        32.0,
        86.0
    ],
    "80": [
        284.52541453795266,
        104.817923594,
        32.0,
        86.0
    ],
    "90": [
        282.6407848159576,
        104.09237560142668,
        32.0,
        86.0
    ],
    "100": [
        279.27550166134347,
        100.30764417229352,
        32.0,
        86.0
    ],
    "110": [
        268.41355636033177,
        95.11932241405674,
        32.0,
        86.0
    ]
}