{
    "10": [
        294.3667147397536,
        88.1566676895786,
        32.0,
        86.0
    ],
    "20": [
        275.7174204940406,
        85.48304533096194,
        32.0,
        86.0
    ],
    "30": [
        273.9688629922812,
        80.6594263084618,
        32.0,
        86.0
    ],
    "40": [
        259.57799436905424,
        90.31272315274538,
        32.0,
        86.0
    ],
    "50": [
        290.5823414491832,
        99.8475268614483,
        32.0,
        86.0
    ],
    "60": [
        336.5950243002746,
        108.04975144474636,
        32.0,
        86.0
    ],
    "70": [
        340.5679782451015,
        130.25223721299787,
        32.0,
        86.0
    ],
    "80": [
        349.03316517207196,
        122.0887389697028,
        32.0,
        86.0
    ],
    "90": [
        341.5041054548264,
        118.96335789411285,
        32.0,
        86.0
    ],
    "100": [
        312.048010200828,
        99.22280738497935,
        32.0,
        86.0
    ],
    "110": [
        279.0145592669629,
        84.82488170147121,
        32.0,
        86.0
    ]
}